{"cameraMode":{"drawMode":0,"name":"Shaded","section":"Shading Mode"},"sceneLighting":true,"audioPlay":false,"sceneViewState":{"m_AlwaysRefresh":false,"showFog":true,"showSkybox":true,"showFlares":true,"showImageEffects":true,"showParticleSystems":true,"showVisualEffectGraphs":true,"m_FxEnabled":true},"in2DMode":false,"pivot":{"x":-1.0070548057556153,"y":-0.27095937728881838,"z":-1.993006706237793},"rotation":{"x":-0.13363878428936006,"y":0.8632712960243225,"z":-0.38118264079093935,"w":-0.30265486240386965},"size":3.790757894515991,"orthographic":false}